{"cameraMode":{"drawMode":0,"name":"Shaded","section":"Shading Mode"},"sceneLighting":true,"audioPlay":false,"sceneViewState":{"showFog":true,"showMaterialUpdate":false,"showSkybox":true,"showFlares":true,"showImageEffects":true,"showParticleSystems":true},"in2DMode":false,"pivot":{"x":9.043493270874024,"y":2.872311592102051,"z":67.97537231445313},"rotation":{"x":-0.22968916594982148,"y":0.7657736539840698,"z":-0.37446480989456179,"w":-0.46970927715301516},"size":98.3788833618164,"orthographic":false}