{"cameraMode":{"drawMode":0,"name":"Shaded","section":"Shading Mode"},"sceneLighting":true,"audioPlay":false,"sceneViewState":{"showFog":true,"showMaterialUpdate":false,"showSkybox":true,"showFlares":true,"showImageEffects":true,"showParticleSystems":true},"in2DMode":false,"pivot":{"x":20.000385284423829,"y":1.712766408920288,"z":40.111358642578128},"rotation":{"x":0.09057104587554932,"y":0.8406943082809448,"z":-0.14858843386173249,"w":0.5128989815711975},"size":24.307878494262697,"orthographic":true}